route,title,page_type,url,content_authority
/,GRECHO Homepage V3 | Design Review,Homepage,https://huangwenliang2111-ship-it.github.io/grecho-homepage-v3-review/,Frozen accepted homepage
/solutions/,Fiberglass Facer Solutions | GRECHO Design Review,Solutions Landing,https://huangwenliang2111-ship-it.github.io/grecho-homepage-v3-review/solutions/,Supplied designer mockup
/products/,Fiberglass Facer Product Routes by Board Application | GRECHO Preview,Products Landing,https://huangwenliang2111-ship-it.github.io/grecho-homepage-v3-review/products/,Archived official English source body
/solutions/acoustic-ceiling-wall-facers/,Glass-Fibre Facings for Acoustic Ceiling and Wall Panels | GRECHO Preview,Solution Hub,https://huangwenliang2111-ship-it.github.io/grecho-homepage-v3-review/solutions/acoustic-ceiling-wall-facers/,Archived official English source body
/solutions/gypsum-board-facers/,Glass-Facing Directions for Plasterboard Applications | GRECHO Preview,Solution Hub,https://huangwenliang2111-ship-it.github.io/grecho-homepage-v3-review/solutions/gypsum-board-facers/,Archived official English source body
/solutions/mineral-wool-insulation/,Glass-Fibre Facing Directions for Mineral Wool Insulation | GRECHO Preview,Solution Hub,https://huangwenliang2111-ship-it.github.io/grecho-homepage-v3-review/solutions/mineral-wool-insulation/,Archived official English source body
/solutions/pir-pur-etics-insulation-facers/,Facer Directions for PIR/PUR Rigid Foam Boards | GRECHO Preview,Solution Hub,https://huangwenliang2111-ship-it.github.io/grecho-homepage-v3-review/solutions/pir-pur-etics-insulation-facers/,Archived official English source body
/resource-center/,Technical Documents for Fiberglass Facer Review | GRECHO Preview,Resource Center,https://huangwenliang2111-ship-it.github.io/grecho-homepage-v3-review/resource-center/,Archived official English source body
/faq/,"Common Questions About Facer Selection, Samples and Documents | GRECHO Preview",FAQ,https://huangwenliang2111-ship-it.github.io/grecho-homepage-v3-review/faq/,Archived official English source body
/about/,About GRECHO: Fiberglass Facer Solution Support board manufacturers. | GRECHO Preview,About,https://huangwenliang2111-ship-it.github.io/grecho-homepage-v3-review/about/,Archived official English source body
/contact/,Describe Your Board Application | GRECHO Preview,Contact,https://huangwenliang2111-ship-it.github.io/grecho-homepage-v3-review/contact/,Archived official English source body
/case-studies/,Application Examples for Board-Facing Review | GRECHO Preview,Cases / Applications,https://huangwenliang2111-ship-it.github.io/grecho-homepage-v3-review/case-studies/,Archived official English source body
/insights/,Fiberglass Facer Buyer Guides | GRECHO Preview,Insights Landing,https://huangwenliang2111-ship-it.github.io/grecho-homepage-v3-review/insights/,Archived official English source body
/europe-wide-width-facer-initiative/,Connecting Europe’s wide-width facer needs with China’s supply capability. | GRECHO Preview,Wide-Width Project Hub,https://huangwenliang2111-ship-it.github.io/grecho-homepage-v3-review/europe-wide-width-facer-initiative/,Archived official English source body
/products/bitumen-heavyweight-composite-facer-pir-pur-xps-polyiso/,Bitumen & Heavyweight Composite Facer for PIR/PUR/XPS/Polyiso Boards | GRECHO Preview,Product Route,https://huangwenliang2111-ship-it.github.io/grecho-homepage-v3-review/products/bitumen-heavyweight-composite-facer-pir-pur-xps-polyiso/,Archived official English source body
/products/black-matte-black-acoustic-facing/,Black and Matte-Black Glass-Fibre Facing for Acoustic Panels | GRECHO Preview,Product Route,https://huangwenliang2111-ship-it.github.io/grecho-homepage-v3-review/products/black-matte-black-acoustic-facing/,Archived official English source body
/products/cleanable-white-dotted-acoustic-facing/,White and Dotted Glass-Fibre Facings for Acoustic Panels | GRECHO Preview,Product Route,https://huangwenliang2111-ship-it.github.io/grecho-homepage-v3-review/products/cleanable-white-dotted-acoustic-facing/,Archived official English source body
/products/color-acoustic-facing/,Coloured Glass-Fibre Facing for Acoustic Panels | GRECHO Preview,Product Route,https://huangwenliang2111-ship-it.github.io/grecho-homepage-v3-review/products/color-acoustic-facing/,Archived official English source body
/products/dotted-acoustic-facing/,Dotted Glass-Fibre Facing for Acoustic Panels | GRECHO Preview,Product Route,https://huangwenliang2111-ship-it.github.io/grecho-homepage-v3-review/products/dotted-acoustic-facing/,Archived official English source body
/products/fluorine-free-thermal-insulation-facing/,Fluorine-Free Mineral Wool Insulation Facer Series | GRECHO Preview,Product Route,https://huangwenliang2111-ship-it.github.io/grecho-homepage-v3-review/products/fluorine-free-thermal-insulation-facing/,Archived official English source body
/products/foil-composite-insulation-facers/,Foil and Foil-Composite Facings for Insulation Boards | GRECHO Preview,Product Route,https://huangwenliang2111-ship-it.github.io/grecho-homepage-v3-review/products/foil-composite-insulation-facers/,Archived official English source body
/products/glass-fabric-composite-acoustic-facing/,Glass Fabric Composite Acoustic Facing | GRECHO Preview,Product Route,https://huangwenliang2111-ship-it.github.io/grecho-homepage-v3-review/products/glass-fabric-composite-acoustic-facing/,Archived official English source body
/products/glass-facing-route-for-gypsum-board-applications/,Glass-Facing Routes for Plasterboard Applications | GRECHO Preview,Product Route,https://huangwenliang2111-ship-it.github.io/grecho-homepage-v3-review/products/glass-facing-route-for-gypsum-board-applications/,Archived official English source body
/products/high-airflow-high-whiteness-acoustic-facing/,White Coated Glass Veil for Acoustic Ceiling and Wall Panels | GRECHO Preview,Product Route,https://huangwenliang2111-ship-it.github.io/grecho-homepage-v3-review/products/high-airflow-high-whiteness-acoustic-facing/,Archived official English source body
/products/high-definition-wood-look-decorative-glass-facing/,Wood-Look Nonwoven Glass Facing for Acoustic Ceiling and Wall Panels | GRECHO Preview,Product Route,https://huangwenliang2111-ship-it.github.io/grecho-homepage-v3-review/products/high-definition-wood-look-decorative-glass-facing/,Archived official English source body
/products/high-hiding-white-acoustic-facing/,High-Hiding White Acoustic Facing | GRECHO Design Review,Product Route,https://huangwenliang2111-ship-it.github.io/grecho-homepage-v3-review/products/high-hiding-white-acoustic-facing/,Supplied designer mockup
/products/reinforced-composite-facer-pir-pur-xps-polyiso/,Reinforced Composite Facers for Rigid Foam Boards | GRECHO Preview,Product Route,https://huangwenliang2111-ship-it.github.io/grecho-homepage-v3-review/products/reinforced-composite-facer-pir-pur-xps-polyiso/,Archived official English source body
/products/sanded-acoustic-facing/,Sanded Acoustic Facing | GRECHO Preview,Product Route,https://huangwenliang2111-ship-it.github.io/grecho-homepage-v3-review/products/sanded-acoustic-facing/,Archived official English source body
/products/silicone-coated-glass-fabric-acoustic-wall-panels/,Silicone-Coated Glass Fabric for Acoustic Wall Panels | GRECHO Preview,Product Route,https://huangwenliang2111-ship-it.github.io/grecho-homepage-v3-review/products/silicone-coated-glass-fabric-acoustic-wall-panels/,Archived official English source body
/products/ultra-low-airflow-glass-facer-for-pir-pur-foam-boards/,Coated Glass and Aluminium Composite Facers for PIR/PUR Boards | GRECHO Preview,Product Route,https://huangwenliang2111-ship-it.github.io/grecho-homepage-v3-review/products/ultra-low-airflow-glass-facer-for-pir-pur-foam-boards/,Archived official English source body
/products/wood-look-fiberglass-fabric-acoustic-facing/,Wood-Look Woven Glass Fabric Facing for Acoustic Panels | GRECHO Preview,Product Route,https://huangwenliang2111-ship-it.github.io/grecho-homepage-v3-review/products/wood-look-fiberglass-fabric-acoustic-facing/,Archived official English source body
/acoustic-facer-adhesive-layer-panel-sound-absorption-review/,The Acoustic Facer Has Not Changed. Why Did the Panel Result Change? | GRECHO Preview,Technical article,https://huangwenliang2111-ship-it.github.io/grecho-homepage-v3-review/acoustic-facer-adhesive-layer-panel-sound-absorption-review/,Archived official English source body
/acoustic-facer-airflow-panel-absorption-evidence/,Why Can a More Open Acoustic Facer Still Require Full-Panel Sound-Absorption Testing? | GRECHO Preview,Technical article,https://huangwenliang2111-ship-it.github.io/grecho-homepage-v3-review/acoustic-facer-airflow-panel-absorption-evidence/,Archived official English source body
/acoustic-facer-cleaning-trial-protocol-record/,What Should a Cleaning Trial Record Before Calling an Acoustic Facer Cleanable? | GRECHO Preview,Technical article,https://huangwenliang2111-ship-it.github.io/grecho-homepage-v3-review/acoustic-facer-cleaning-trial-protocol-record/,Archived official English source body
/acoustic-facer-cleaning-trial-surface-bond-review/,The Mark Is Gone. Has the Acoustic Facer Passed the Cleaning Trial? | GRECHO Preview,Technical article,https://huangwenliang2111-ship-it.github.io/grecho-homepage-v3-review/acoustic-facer-cleaning-trial-surface-bond-review/,Archived official English source body
/acoustic-facer-dark-spots-bleed-through-review/,Dark Spots on Acoustic Facers: Checks Before Calling Them Adhesive Bleed-Through | GRECHO Preview,Technical article,https://huangwenliang2111-ship-it.github.io/grecho-homepage-v3-review/acoustic-facer-dark-spots-bleed-through-review/,Archived official English source body
/acoustic-facer-lamination-cooling-cure-evaluation/,"Acoustic Facer Lamination: Initial Bond Strength, Cooling and Cure | GRECHO Preview",Technical article,https://huangwenliang2111-ship-it.github.io/grecho-homepage-v3-review/acoustic-facer-lamination-cooling-cure-evaluation/,Archived official English source body
/airflow-surface-hiding-fire-documents-acoustic-facer/,"Airflow, Surface Hiding and Fire-Document Scope in Acoustic Facer Selection | GRECHO Preview",Technical article,https://huangwenliang2111-ship-it.github.io/grecho-homepage-v3-review/airflow-surface-hiding-fire-documents-acoustic-facer/,Archived official English source body
/class-a-a2-s1-d0-noncombustible-facer-evidence/,"Class A, A2-s1,d0 and “Noncombustible”: Which Question Does Each Actually Answer? | GRECHO Preview",Technical article,https://huangwenliang2111-ship-it.github.io/grecho-homepage-v3-review/class-a-a2-s1-d0-noncombustible-facer-evidence/,Archived official English source body
/compare-board-trials-facer-process-variables/,What Should Be Frozen Before Two Board Trials Are Compared? | GRECHO Preview,Technical article,https://huangwenliang2111-ship-it.github.io/grecho-homepage-v3-review/compare-board-trials-facer-process-variables/,Archived official English source body
/compare-glass-veil-air-permeability-methods-pressure-units/,"Comparing Glass-Veil Air-Permeability Data Across Methods, Pressure and Units | GRECHO Preview",Technical article,https://huangwenliang2111-ship-it.github.io/grecho-homepage-v3-review/compare-glass-veil-air-permeability-methods-pressure-units/,Archived official English source body
/compare-iso-fire-epd-reach-pfas-documents-fiberglass-facers/,"How to Compare ISO, Fire, EPD, REACH and PFAS Documents Without Overgeneralizing Results | GRECHO Preview",Technical article,https://huangwenliang2111-ship-it.github.io/grecho-homepage-v3-review/compare-iso-fire-epd-reach-pfas-documents-fiberglass-facers/,Archived official English source body
/cookie-policy/,Cookie Policy | GRECHO Preview,Policy,https://huangwenliang2111-ship-it.github.io/grecho-homepage-v3-review/cookie-policy/,Archived official English source body
/diagnose-facer-foam-bonding-failures-pir-pur-board-trials/,How to Diagnose Facer-to-Foam Bonding Failures in PIR/PUR Board Trials | GRECHO Preview,Technical article,https://huangwenliang2111-ship-it.github.io/grecho-homepage-v3-review/diagnose-facer-foam-bonding-failures-pir-pur-board-trials/,Archived official English source body
/facer-basis-weight-gsm-vs-thickness/,Facer Basis Weight vs Thickness: What gsm Does—and Does Not—Tell You | GRECHO Preview,Technical article,https://huangwenliang2111-ship-it.github.io/grecho-homepage-v3-review/facer-basis-weight-gsm-vs-thickness/,Archived official English source body
/facer-lot-roll-traceability-board-trials/,Maintaining Facer Lot and Roll Traceability Through Board Trials | GRECHO Preview,Technical article,https://huangwenliang2111-ship-it.github.io/grecho-homepage-v3-review/facer-lot-roll-traceability-board-trials/,Archived official English source body
/facer-roll-wrinkles-edge-damage-converting-review/,Facer-Roll Wrinkles and Edge Damage: A Converting Review Before Lamination | GRECHO Preview,Technical article,https://huangwenliang2111-ship-it.github.io/grecho-homepage-v3-review/facer-roll-wrinkles-edge-damage-converting-review/,Archived official English source body
/facer-technical-data-typical-values-specification-limits/,"Typical Value, Specification Limit or Test Result? How to Read Facer Technical Data | GRECHO Preview",Technical article,https://huangwenliang2111-ship-it.github.io/grecho-homepage-v3-review/facer-technical-data-typical-values-specification-limits/,Archived official English source body
/facer-test-report-finished-board-performance/,Why a Facer Test Report Does Not Automatically Prove Finished-Board Performance | GRECHO Preview,Technical article,https://huangwenliang2111-ship-it.github.io/grecho-homepage-v3-review/facer-test-report-finished-board-performance/,Archived official English source body
/fiberglass-facer-material-identity-before-qualification/,"Same GSM, Same Color, Same Facer? How to Check Material Identity Before Qualification | GRECHO Preview",Technical article,https://huangwenliang2111-ship-it.github.io/grecho-homepage-v3-review/fiberglass-facer-material-identity-before-qualification/,Archived official English source body
/fiberglass-facer-review-for-acoustic-ceiling-panels/,Glass-Fibre Facer Review for Acoustic Ceiling Panels | GRECHO Preview,Technical article,https://huangwenliang2111-ship-it.github.io/grecho-homepage-v3-review/fiberglass-facer-review-for-acoustic-ceiling-panels/,Archived official English source body
/fluorine-free-thermal-insulation-facers-pfas-evidence-boundaries/,PFAS-Related Evidence for Thermal Insulation Facers | GRECHO Preview,Technical article,https://huangwenliang2111-ship-it.github.io/grecho-homepage-v3-review/fluorine-free-thermal-insulation-facers-pfas-evidence-boundaries/,Archived official English source body
/foil-composite-insulation-facers-reflective-surface-directions/,Foil and Foil-Composite Insulation Facers: When to Consider Reflective Surface Directions | GRECHO Preview,Technical article,https://huangwenliang2111-ship-it.github.io/grecho-homepage-v3-review/foil-composite-insulation-facers-reflective-surface-directions/,Archived official English source body
/glass-facing-route-gypsum-board-applications-sample-review/,Glass Facing Route for Gypsum Board Applications: What to Review Before Sampling | GRECHO Preview,Technical article,https://huangwenliang2111-ship-it.github.io/grecho-homepage-v3-review/glass-facing-route-gypsum-board-applications-sample-review/,Archived official English source body
/glass-fibre-facer-tensile-data-md-cd-test-conditions/,"Reading Glass-Fibre Facer Tensile Data: MD, CD and Test Conditions | GRECHO Preview",Technical article,https://huangwenliang2111-ship-it.github.io/grecho-homepage-v3-review/glass-fibre-facer-tensile-data-md-cd-test-conditions/,Archived official English source body
/gypsum-board-facer-surface-finish-documentation-questions/,Surface Finish and Documentation Questions for Gypsum Board Facer Review | GRECHO Preview,Technical article,https://huangwenliang2111-ship-it.github.io/grecho-homepage-v3-review/gypsum-board-facer-surface-finish-documentation-questions/,Archived official English source body
/gypsum-board-facer-surface-total-water-absorption/,Gypsum Board Facer Changes: Surface vs Total Water Absorption | GRECHO Preview,Technical article,https://huangwenliang2111-ship-it.github.io/grecho-homepage-v3-review/gypsum-board-facer-surface-total-water-absorption/,Archived official English source body
/incoming-facer-roll-inspection-board-line/,Incoming Facer-Roll Inspection Before Release to a Board Line | GRECHO Preview,Technical article,https://huangwenliang2111-ship-it.github.io/grecho-homepage-v3-review/incoming-facer-roll-inspection-board-line/,Archived official English source body
/insulation-facer-air-permeability-vs-water-vapour-transmission/,Air Permeability vs Water Vapour Transmission in Insulation Facers | GRECHO Preview,Technical article,https://huangwenliang2111-ship-it.github.io/grecho-homepage-v3-review/insulation-facer-air-permeability-vs-water-vapour-transmission/,Archived official English source body
/low-airflow-facer-pir-pur-trial-process-window/,Why Can an Ultra-Low-Airflow Facer Still Fail a PIR/PUR Foam-Board Trial? | GRECHO Preview,Technical article,https://huangwenliang2111-ship-it.github.io/grecho-homepage-v3-review/low-airflow-facer-pir-pur-trial-process-window/,Archived official English source body
/mineral-wool-board-facing-service-temperature-limits/,Mineral-Wool Board Facings: Insulation and Facing Temperature Limits | GRECHO Preview,Technical article,https://huangwenliang2111-ship-it.github.io/grecho-homepage-v3-review/mineral-wool-board-facing-service-temperature-limits/,Archived official English source body
/mineral-wool-facer-sample-qualification/,What Should Be Fixed Before Qualifying a Facer Sample for a Mineral-Wool Board? | GRECHO Preview,Technical article,https://huangwenliang2111-ship-it.github.io/grecho-homepage-v3-review/mineral-wool-facer-sample-qualification/,Archived official English source body
/moisture-resistant-fiberglass-facers-gypsum-board-checklist/,Moisture-Related Review of Glass Facings for Plasterboard | GRECHO Preview,Technical article,https://huangwenliang2111-ship-it.github.io/grecho-homepage-v3-review/moisture-resistant-fiberglass-facers-gypsum-board-checklist/,Archived official English source body
/paper-to-glass-mat-gypsum-line-qualification/,What Should Be Checked Before Replacing Paper Facer with Glass Mat on a Gypsum Line? | GRECHO Preview,Technical article,https://huangwenliang2111-ship-it.github.io/grecho-homepage-v3-review/paper-to-glass-mat-gypsum-line-qualification/,Archived official English source body
/pir-board-facer-gas-diffusion-thermal-aging/,"PIR Board Facer Changes: Gas Diffusion, Barrier Continuity and Thermal Aging | GRECHO Preview",Technical article,https://huangwenliang2111-ship-it.github.io/grecho-homepage-v3-review/pir-board-facer-gas-diffusion-thermal-aging/,Archived official English source body
/privacy-policy/,Privacy Policy | GRECHO Preview,Policy,https://huangwenliang2111-ship-it.github.io/grecho-homepage-v3-review/privacy-policy/,Archived official English source body
/request-tds-sds-test-reports-fiberglass-facers/,"How to Request TDS, SDS and Test Reports for Glass-Fibre Facers | GRECHO Preview",Technical article,https://huangwenliang2111-ship-it.github.io/grecho-homepage-v3-review/request-tds-sds-test-reports-fiberglass-facers/,Archived official English source body
/sample-approval-vs-supplier-qualification-fiberglass-facers/,Sample Approval vs Supplier Qualification: What Still Needs to Be Verified Before a Fiberglass Facer Enters Production? | GRECHO Preview,Technical article,https://huangwenliang2111-ship-it.github.io/grecho-homepage-v3-review/sample-approval-vs-supplier-qualification-fiberglass-facers/,Archived official English source body
/sample-review-checklist-board-manufacturers-fiberglass-facers/,Sample Review Checklist for Board Manufacturers Evaluating Glass-Fibre Facers | GRECHO Preview,Technical article,https://huangwenliang2111-ship-it.github.io/grecho-homepage-v3-review/sample-review-checklist-board-manufacturers-fiberglass-facers/,Archived official English source body
/successful-facer-board-line-trial-evidence-scope/,A Facer Passed One Board-Line Trial. What Does That Result Actually Prove? | GRECHO Preview,Technical article,https://huangwenliang2111-ship-it.github.io/grecho-homepage-v3-review/successful-facer-board-line-trial-evidence-scope/,Archived official English source body
/ultra-low-airflow-glass-facer-pir-pur-review-criteria/,Air Permeability Review for Glass Facers on PIR/PUR Boards | GRECHO Preview,Technical article,https://huangwenliang2111-ship-it.github.io/grecho-homepage-v3-review/ultra-low-airflow-glass-facer-pir-pur-review-criteria/,Archived official English source body
/visual-surface-acceptance-coloured-acoustic-facer-trials/,Defining Visual Surface Acceptance for Coloured Acoustic Facer Trials | GRECHO Preview,Technical article,https://huangwenliang2111-ship-it.github.io/grecho-homepage-v3-review/visual-surface-acceptance-coloured-acoustic-facer-trials/,Archived official English source body
/white-black-dotted-acoustic-facers-comparison/,"White, Black and Dotted Acoustic Facers: How Board Buyers Compare Surface Directions | GRECHO Preview",Technical article,https://huangwenliang2111-ship-it.github.io/grecho-homepage-v3-review/white-black-dotted-acoustic-facers-comparison/,Archived official English source body
/wide-facer-roll-usable-width-board-coverage/,Wide Facer Rolls: Specify the Width That Reaches the Board | GRECHO Preview,Technical article,https://huangwenliang2111-ship-it.github.io/grecho-homepage-v3-review/wide-facer-roll-usable-width-board-coverage/,Archived official English source body
/wide-width-facer-trial-readiness-checklist/,What to Check Before a Wide-Width Facer Trial on a Continuous Board Line | GRECHO Preview,Technical article,https://huangwenliang2111-ship-it.github.io/grecho-homepage-v3-review/wide-width-facer-trial-readiness-checklist/,Archived official English source body
