relative_path	bytes	sha256
.nojekyll	0	e3b0c44298fc1c149afbf4c8996fb92427ae41e4649b934ca495991b7852b855
assets/css/grecho-homepage-v3-pilot.css	27560	49df2b6ea34c97c0c9f1c3c81a874d8156e46997681cfc36dfb623cf42b10e91
assets/css/grecho-navigation-phase1b0.css	12456	cb900313da8b15d1a706fa15f1dd0baf52a374306ffe5631783b4cd288f018ce
assets/css/grecho-navigation-phase1b1.css	11833	0a31374ac56c419e024435d5448cbb40971e333101d6dc288cac21a4ae25bfa4
assets/css/preview-overrides.css	1279	da87e62341a8ffa67514a388f505abbd5a8bb1f69e5ff221782386b92bc41a08
assets/fonts/Inter-VariableFont_slnt,wght.woff2	326628	e931823ffd0b6cfd1624e3a7c1c49861ed3420297862e727f07e04c8be1cc89b
assets/images/navigation/featured-acoustic-solution.png	618749	f82ac3ba0941d62af9f0eb48d1bc1045abe4bbd112aec01442ef0fb75e3bb4ba
assets/images/navigation/grecho-logo-blue-webp-v1.webp	738	291e4d3781e6c025e84ef21e55a8983e2eeb63ad6ed1bd00e80fa417b873e235
assets/images/navigation/grecho-logo-white-webp-v1.webp	738	f1f1cc9ae18adfc65ba8f4aee2a8d4277d0bc5b69d03eb8f7eae78d836fccd94
assets/images/optimized/applications/acoustic-ceiling-1100.webp	96624	6c6756d12e7698634a52e852ffbd5573e0053da727b5056f7fe9ccff3989e29e
assets/images/optimized/applications/acoustic-ceiling-640.webp	34770	acc1f9ae257e8df602af23c03ff8b6cbe7a7ece6c82b29327d9c087cc62a59b9
assets/images/optimized/applications/etics-1100.webp	115980	daf3efc0889bf59e21bf41817a16c4c1e9dcfc2520276fff81d35762ea33e06d
assets/images/optimized/applications/etics-640.webp	37224	ac4dd2d809fc3ca4f4be34100f3d2da72ce1f4ce577e4b4e9b9c85b9eb7fc1dd
assets/images/optimized/applications/gypsum-1100.webp	85760	4ce7e8b6942c78a20127f7cceedf2ba4139a211c314c647272da059e124f704b
assets/images/optimized/applications/gypsum-640.webp	37060	bcb6bbdfb886ad0da1373dd8e0b32c228d6b2e848d927e94319211d496f7df25
assets/images/optimized/applications/mineral-wool-1100.webp	138958	6094447f7d6180eeff8526afb73e191751b3fec1bd8a4b47a0737d05e469cbfa
assets/images/optimized/applications/mineral-wool-640.webp	61310	db1b12530961629cb48f3377fc271201cab1ce27bcce4f3a36e6669cbe68738c
assets/images/optimized/applications/public-space-1100.webp	147974	9bbcf1d6f78b34dce61024bd3ae20287edf293f3ead7e6c16ced5589f54f56a3
assets/images/optimized/applications/public-space-640.webp	46510	5ba463ca9a197a0a7ca04e28fd2248e0cc7a2cd1b8c797af74b415d047cc0a75
assets/images/optimized/applications/technical-document-1100.webp	68178	17489284da227a9a198a6a1a0f60b8b4ad1049332cdff62c414b28789c613eeb
assets/images/optimized/applications/technical-document-640.webp	34578	548b568b5c59a824bbc1bd6e1d473eec71cf5be6b7e0804cee60433b45203c67
assets/images/optimized/diagnostic/compliance-192.webp	2660	29036db4d70d0d0375a0ad748e660d11ff8b455c92af9431ea7ea72d080a59a1
assets/images/optimized/diagnostic/compliance-96.webp	1492	50719a5b6f1606e931c7449773e8437779a70825feefca53164b51854f9024a0
assets/images/optimized/diagnostic/compliance-trim-192.webp	13556	a0ddab9ccb43226b02c23e6fe209e9b49a73604ffd3a5d85be74c8d475bc5056
assets/images/optimized/diagnostic/compliance-trim-96.webp	5136	8c8ac9ed44f4382743abf3e66c05069bd01166266305b6ae14cdba3d47d651b3
assets/images/optimized/diagnostic/durability-192.webp	3254	4b56ed84bab450280d577d82933904b6e1904f2e9657ab59c5d4fa234a9b82a8
assets/images/optimized/diagnostic/durability-96.webp	1432	b281c87c36f29ee898a4da9d7986b0f8b718f86d38d23a4a1b556f784b92de88
assets/images/optimized/diagnostic/durability-trim-192.webp	15716	02f92af87987fe09cb8caa6d66c949e5d9def4c061aa3d95f9dd237caccff2e0
assets/images/optimized/diagnostic/durability-trim-96.webp	5836	730569c5345441e8eee90c90376f0197a4033213f228437a7e1bbd70902f0c58
assets/images/optimized/diagnostic/process-fit-192.webp	2784	7c0efbb48f26436a79cefd96e69e7f825e01bdc20cd7f9c91e7df131c9e09c11
assets/images/optimized/diagnostic/process-fit-96.webp	1358	26c681d012e47a6a070a79c403a24797676947b0a245c7cde84b467abb21b767
assets/images/optimized/diagnostic/process-fit-trim-192.webp	18368	76bb48668da9e59fa4c51e490d01f80afeee59fb182d015159dd564100c399e3
assets/images/optimized/diagnostic/process-fit-trim-96.webp	6468	ae4ac1f1fbedc6881496d43634781cb551f4fb9925a1b3a6557e84477c59b0ca
assets/images/optimized/diagnostic/production-192.webp	2638	23b14d1a1cf530d98ac666b8f314113d5fa7e51d7fa8ed62a90731cf80dcae98
assets/images/optimized/diagnostic/production-96.webp	1188	bab631400063b62bb831fcbb0012cbe5186aff1b7e136e4d8d9e34b17aa0cd2d
assets/images/optimized/diagnostic/production-trim-192.webp	16998	1d3ddb5b7faf81a41f7939fb3d42dcd6a5c7e367415d53dba8f78fc79b4506b8
assets/images/optimized/diagnostic/production-trim-96.webp	6264	b2255cc2bc1e7240ecaac06d69efc93b76ee9dabfa650ce4f88f8c98ff5b82b4
assets/images/optimized/diagnostic/project-intake-192.webp	3278	8f00b6941046dcd563bf5fdcc2f1753e997ff7db665bc04ac7f614413b78f823
assets/images/optimized/diagnostic/project-intake-96.webp	1518	33af4be2be46cd96477b109f16aac50feed9a5c31b4ad365559389c785a1ff10
assets/images/optimized/diagnostic/project-intake-trim-192.webp	12902	765f9e514799e0e67f2ead263db565a6705f1801525e92beb82b21ed25288c33
assets/images/optimized/diagnostic/project-intake-trim-96.webp	5500	07ef3b05b2431166b20051370e885075ba588be3ed1cf929c5eecf4c1e700b04
assets/images/optimized/diagnostic/visible-surface-192.webp	2924	7faf82b2023b93ce1735e9629246189f45718869a57d5d9385077276ed01bc93
assets/images/optimized/diagnostic/visible-surface-96.webp	1404	5b637eaea152a27a8513fde7e6103e7796a65c587e383e1bae7a52ddcef3eb80
assets/images/optimized/diagnostic/visible-surface-trim-192.webp	16284	c53b6fb28937645a1b04cb19805bc2472300490ec39817cf5d3cd1e3b2e40f08
assets/images/optimized/diagnostic/visible-surface-trim-96.webp	5470	db951a63ad3afa936ed2e38e434fd99a3abee8742a1874eb7f3cdcd28f02147d
assets/images/optimized/resources/color-tds-192.webp	3378	943c4f352bf5012c5ec70feebdbc6674af0f612051d639b19efa9e1f2cc1db87
assets/images/optimized/resources/color-tds-96.webp	1536	4772ba65c31335d01bddfe2b0837777357133ec1479411def4476cc03a572762
assets/images/optimized/resources/compliance-192.webp	3336	275f3e6aac2f7e42a8e3657d689b27500b2b2b49df3740f8b44f64919a2de0bf
assets/images/optimized/resources/compliance-96.webp	1418	070af7f3b3f7e8d016071005490f5238f6969357109a5a83ceac41af3c40dff5
assets/images/optimized/resources/fire-document-192.webp	3720	62e033c8aa8cf4de41a2d17b3b3623685da7d546a115279b3cfef1c4461676d3
assets/images/optimized/resources/fire-document-96.webp	1880	4f9e7e8559d56d31b2ea2d8d691849e81870a4cea843c732cce766a8a0a5988b
assets/images/optimized/resources/full-tds-192.webp	3790	3815fe529c39ed189ddc3c84933e3b56cf657c386100fd00ff25b1bf5a85275d
assets/images/optimized/resources/full-tds-96.webp	1616	f4f1413af0dc20ccd6644296a36f4c4f20ec252cc4f61a754228cf4ef9c7084f
assets/images/optimized/resources/product-brief-192.webp	3378	943c4f352bf5012c5ec70feebdbc6674af0f612051d639b19efa9e1f2cc1db87
assets/images/optimized/resources/product-brief-96.webp	1536	4772ba65c31335d01bddfe2b0837777357133ec1479411def4476cc03a572762
assets/images/optimized/resources/sds-msds-192.webp	4644	6c7e8daaad91d528fee7acc1514d7f774c97018d21fd387db3785622a686c1bd
assets/images/optimized/resources/sds-msds-96.webp	2118	e059f000272c3f9a2e89ba93d3932b13f294171f2972d9d247a160ce52f611e9
assets/images/optimized/solutions/acoustic-1000.webp	39378	ad93d9fcd9ac6d21f7287b36ab5571fdc4b07bb43d47b76de89bf45f7966271d
assets/images/optimized/solutions/acoustic-640.webp	18588	01698842d5c0e0286745987cb860aa0b889aaa1f378e289c5a6cf8b4b829b1d9
assets/images/optimized/solutions/gypsum-1000.webp	37950	3a9a7a13f77c1bdb0d31432a0bf57348ef2434db896c978134fac5392d7e1105
assets/images/optimized/solutions/gypsum-640.webp	17144	a3c797548eec4cef1f68c1a30e7fec89854e38168b3eb35b5be22cb06d6444a5
assets/images/optimized/solutions/mineral-wool-1000.webp	49650	4e64be6325858ecb8e40d930215b28f6bf8e235ab000d2dbce2aabe7b60ed02c
assets/images/optimized/solutions/mineral-wool-640.webp	21196	826ac0a66a57d361d0b0eebd66c8a884e12ef47b1a5c638557836bc063db4724
assets/images/optimized/solutions/pir-pur-etics-1000.webp	52260	e1b67638342d20bc86f8455266450282b069007d66887026bf3448a21d79b28e
assets/images/optimized/solutions/pir-pur-etics-640.webp	23382	838f865fce41be5659788fa12a8e018c83729ce41bdf98907c29719f59a55097
assets/js/grecho-homepage-v3-pilot.js	7569	9fc100c131889e2a18bf5741e4d17a18373c1caace37a4a969cd8c98484cfb78
assets/js/grecho-navigation-phase1b1.js	12148	a6b22380d8abf1bb9cc77e4141de63ffed70d632ac7585936f45ef000438cc78
assets/js/preview-safety.js	518	a7650512b428cd0388addd993bbf1954d6568ccc51561fb4de1e41916fedef13
assets/media/hero-poster.webp	6908	2202da5d3c1ebb7f70f3363b66aab1a870bf80d4293a3354e589d0185e78141e
assets/media/hero-video.mp4	5745507	545d598ed1337d37231bfde034182e25edf2702e78e6dde27768e284354f327c
index.html	72256	83ebc9fffb70cea27b4d8a2069f11a0fd5540f20f39ff644e5291ee8fb7d3c8e
PREVIEW_BUILD_INFO.md	1215	cbd2cf159adb7e03e3ea1182e2976fec93b71fbb807d6b253d69cbf0d112feae
README.md	752	af7130d4073bf97a188b58cadbf012934ca643c31be36110682e52d116a1e53e
robots.txt	26	331ea9090db0c9f6f597bd9840fd5b171830f6e0b3ba1cb24dfa91f0c95aedc1
