route,title,type,template
/acoustic-facer-adhesive-layer-panel-sound-absorption-review/,The Acoustic Facer Has Not Changed. Why Did the Panel Result Change? | GRECHO Preview,Other,existing-acoustic-facer-adhesive-layer-panel-sound-absorption-review.html
/acoustic-facer-airflow-panel-absorption-evidence/,Why Can a More Open Acoustic Facer Still Require Full-Panel Sound-Absorption Testing? | GRECHO Preview,Other,existing-acoustic-facer-airflow-panel-absorption-evidence.html
/acoustic-facer-cleaning-trial-protocol-record/,What Should a Cleaning Trial Record Before Calling an Acoustic Facer Cleanable? | GRECHO Preview,Other,existing-acoustic-facer-cleaning-trial-protocol-record.html
/acoustic-facer-cleaning-trial-surface-bond-review/,The Mark Is Gone. Has the Acoustic Facer Passed the Cleaning Trial? | GRECHO Preview,Other,existing-acoustic-facer-cleaning-trial-surface-bond-review.html
/acoustic-facer-dark-spots-bleed-through-review/,Dark Spots on Acoustic Facers: Checks Before Calling Them Adhesive Bleed-Through | GRECHO Preview,Other,existing-acoustic-facer-dark-spots-bleed-through-review.html
/acoustic-facer-lamination-cooling-cure-evaluation/,"Acoustic Facer Lamination: Initial Bond Strength, Cooling and Cure | GRECHO Preview",Other,existing-acoustic-facer-lamination-cooling-cure-evaluation.html
/airflow-surface-hiding-fire-documents-acoustic-facer/,"Airflow, Surface Hiding and Fire-Document Scope in Acoustic Facer Selection | GRECHO Preview",Other,existing-airflow-surface-hiding-fire-documents-acoustic-facer.html
/compare-board-trials-facer-process-variables/,What Should Be Frozen Before Two Board Trials Are Compared? | GRECHO Preview,Other,existing-compare-board-trials-facer-process-variables.html
/compare-glass-veil-air-permeability-methods-pressure-units/,"Comparing Glass-Veil Air-Permeability Data Across Methods, Pressure and Units | GRECHO Preview",Other,existing-compare-glass-veil-air-permeability-methods-pressure-units.html
/compare-iso-fire-epd-reach-pfas-documents-fiberglass-facers/,"How to Compare ISO, Fire, EPD, REACH and PFAS Documents Without Overgeneralizing Results | GRECHO Preview",Other,existing-compare-iso-fire-epd-reach-pfas-documents-fiberglass-facers.html
/cookie-policy/,Cookie Policy | GRECHO Preview,Policy,existing-cookie-policy.html
/diagnose-facer-foam-bonding-failures-pir-pur-board-trials/,How to Diagnose Facer-to-Foam Bonding Failures in PIR/PUR Board Trials | GRECHO Preview,Other,existing-diagnose-facer-foam-bonding-failures-pir-pur-board-trials.html
/facer-basis-weight-gsm-vs-thickness/,Facer Basis Weight vs Thickness: What gsm Does—and Does Not—Tell You | GRECHO Preview,Other,existing-facer-basis-weight-gsm-vs-thickness.html
/facer-lot-roll-traceability-board-trials/,Maintaining Facer Lot and Roll Traceability Through Board Trials | GRECHO Preview,Other,existing-facer-lot-roll-traceability-board-trials.html
/facer-roll-wrinkles-edge-damage-converting-review/,Facer-Roll Wrinkles and Edge Damage: A Converting Review Before Lamination | GRECHO Preview,Other,existing-facer-roll-wrinkles-edge-damage-converting-review.html
/facer-test-report-finished-board-performance/,Why a Facer Test Report Does Not Automatically Prove Finished-Board Performance | GRECHO Preview,Other,existing-facer-test-report-finished-board-performance.html
/fiberglass-facer-material-identity-before-qualification/,"Same GSM, Same Color, Same Facer? How to Check Material Identity Before Qualification | GRECHO Preview",Other,existing-fiberglass-facer-material-identity-before-qualification.html
/fiberglass-facer-review-for-acoustic-ceiling-panels/,Glass-Fibre Facer Review for Acoustic Ceiling Panels | GRECHO Preview,Other,existing-fiberglass-facer-review-for-acoustic-ceiling-panels.html
/fluorine-free-thermal-insulation-facers-pfas-evidence-boundaries/,PFAS-Related Evidence for Thermal Insulation Facers | GRECHO Preview,Other,existing-fluorine-free-thermal-insulation-facers-pfas-evidence-boundaries.html
/foil-composite-insulation-facers-reflective-surface-directions/,Foil and Foil-Composite Insulation Facers: When to Consider Reflective Surface Directions | GRECHO Preview,Other,existing-foil-composite-insulation-facers-reflective-surface-directions.html
/glass-facing-route-gypsum-board-applications-sample-review/,Glass Facing Route for Gypsum Board Applications: What to Review Before Sampling | GRECHO Preview,Other,existing-glass-facing-route-gypsum-board-applications-sample-review.html
/glass-fibre-facer-tensile-data-md-cd-test-conditions/,"Reading Glass-Fibre Facer Tensile Data: MD, CD and Test Conditions | GRECHO Preview",Other,existing-glass-fibre-facer-tensile-data-md-cd-test-conditions.html
/gypsum-board-facer-surface-finish-documentation-questions/,Surface Finish and Documentation Questions for Gypsum Board Facer Review | GRECHO Preview,Other,existing-gypsum-board-facer-surface-finish-documentation-questions.html
/gypsum-board-facer-surface-total-water-absorption/,Gypsum Board Facer Changes: Surface vs Total Water Absorption | GRECHO Preview,Other,existing-gypsum-board-facer-surface-total-water-absorption.html
/incoming-facer-roll-inspection-board-line/,Incoming Facer-Roll Inspection Before Release to a Board Line | GRECHO Preview,Other,existing-incoming-facer-roll-inspection-board-line.html
/insulation-facer-air-permeability-vs-water-vapour-transmission/,Air Permeability vs Water Vapour Transmission in Insulation Facers | GRECHO Preview,Other,existing-insulation-facer-air-permeability-vs-water-vapour-transmission.html
/low-airflow-facer-pir-pur-trial-process-window/,Why Can an Ultra-Low-Airflow Facer Still Fail a PIR/PUR Foam-Board Trial? | GRECHO Preview,Other,existing-low-airflow-facer-pir-pur-trial-process-window.html
/mineral-wool-board-facing-service-temperature-limits/,Mineral-Wool Board Facings: Insulation and Facing Temperature Limits | GRECHO Preview,Other,existing-mineral-wool-board-facing-service-temperature-limits.html
/mineral-wool-facer-sample-qualification/,What Should Be Fixed Before Qualifying a Facer Sample for a Mineral-Wool Board? | GRECHO Preview,Other,existing-mineral-wool-facer-sample-qualification.html
/moisture-resistant-fiberglass-facers-gypsum-board-checklist/,Moisture-Related Review of Glass Facings for Plasterboard | GRECHO Preview,Other,existing-moisture-resistant-fiberglass-facers-gypsum-board-checklist.html
/paper-to-glass-mat-gypsum-line-qualification/,What Should Be Checked Before Replacing Paper Facer with Glass Mat on a Gypsum Line? | GRECHO Preview,Other,existing-paper-to-glass-mat-gypsum-line-qualification.html
/pir-board-facer-gas-diffusion-thermal-aging/,"PIR Board Facer Changes: Gas Diffusion, Barrier Continuity and Thermal Aging | GRECHO Preview",Other,existing-pir-board-facer-gas-diffusion-thermal-aging.html
/products/bitumen-heavyweight-composite-facer-pir-pur-xps-polyiso/,Bitumen & Heavyweight Composite Facer for PIR/PUR/XPS/Polyiso Boards | GRECHO Preview,Product Route,existing-products__bitumen-heavyweight-composite-facer-pir-pur-xps-polyiso.html
/products/black-matte-black-acoustic-facing/,Black and Matte-Black Glass-Fibre Facing for Acoustic Panels | GRECHO Preview,Product Route,existing-products__black-matte-black-acoustic-facing.html
/products/cleanable-white-dotted-acoustic-facing/,White and Dotted Glass-Fibre Facings for Acoustic Panels | GRECHO Preview,Product Route,existing-products__cleanable-white-dotted-acoustic-facing.html
/products/color-acoustic-facing/,Coloured Glass-Fibre Facing for Acoustic Panels | GRECHO Preview,Product Route,existing-products__color-acoustic-facing.html
/products/dotted-acoustic-facing/,Dotted Glass-Fibre Facing for Acoustic Panels | GRECHO Preview,Product Route,existing-products__dotted-acoustic-facing.html
/products/fluorine-free-thermal-insulation-facing/,Fluorine-Free Mineral Wool Insulation Facer Series | GRECHO Preview,Product Route,existing-products__fluorine-free-thermal-insulation-facing.html
/products/foil-composite-insulation-facers/,Foil and Foil-Composite Facings for Insulation Boards | GRECHO Preview,Product Route,existing-products__foil-composite-insulation-facers.html
/products/glass-fabric-composite-acoustic-facing/,Glass Fabric Composite Acoustic Facing | GRECHO Preview,Product Route,existing-products__glass-fabric-composite-acoustic-facing.html
/products/glass-facing-route-for-gypsum-board-applications/,Glass-Facing Routes for Plasterboard Applications | GRECHO Preview,Product Route,existing-products__glass-facing-route-for-gypsum-board-applications.html
/products/high-definition-wood-look-decorative-glass-facing/,Wood-Look Nonwoven Glass Facing for Acoustic Ceiling and Wall Panels | GRECHO Preview,Product Route,existing-products__high-definition-wood-look-decorative-glass-facing.html
/products/reinforced-composite-facer-pir-pur-xps-polyiso/,Reinforced Composite Facers for Rigid Foam Boards | GRECHO Preview,Product Route,existing-products__reinforced-composite-facer-pir-pur-xps-polyiso.html
/products/sanded-acoustic-facing/,Sanded Acoustic Facing | GRECHO Preview,Product Route,existing-products__sanded-acoustic-facing.html
/products/silicone-coated-glass-fabric-acoustic-wall-panels/,Silicone-Coated Glass Fabric for Acoustic Wall Panels | GRECHO Preview,Product Route,existing-products__silicone-coated-glass-fabric-acoustic-wall-panels.html
/products/ultra-low-airflow-glass-facer-for-pir-pur-foam-boards/,Coated Glass and Aluminium Composite Facers for PIR/PUR Boards | GRECHO Preview,Product Route,existing-products__ultra-low-airflow-glass-facer-for-pir-pur-foam-boards.html
/products/wood-look-fiberglass-fabric-acoustic-facing/,Wood-Look Woven Glass Fabric Facing for Acoustic Panels | GRECHO Preview,Product Route,existing-products__wood-look-fiberglass-fabric-acoustic-facing.html
/request-tds-sds-test-reports-fiberglass-facers/,"How to Request TDS, SDS and Test Reports for Glass-Fibre Facers | GRECHO Preview",Other,existing-request-tds-sds-test-reports-fiberglass-facers.html
/sample-approval-vs-supplier-qualification-fiberglass-facers/,Sample Approval vs Supplier Qualification: What Still Needs to Be Verified Before a Fiberglass Facer Enters Production? | GRECHO Preview,Other,existing-sample-approval-vs-supplier-qualification-fiberglass-facers.html
/sample-review-checklist-board-manufacturers-fiberglass-facers/,Sample Review Checklist for Board Manufacturers Evaluating Glass-Fibre Facers | GRECHO Preview,Other,existing-sample-review-checklist-board-manufacturers-fiberglass-facers.html
/solutions/gypsum-board-facers/,Glass-Facing Directions for Plasterboard Applications | GRECHO Preview,Solution Hub,existing-solutions__gypsum-board-facers.html
/solutions/mineral-wool-insulation/,Glass-Fibre Facing Directions for Mineral Wool Insulation | GRECHO Preview,Solution Hub,existing-solutions__mineral-wool-insulation.html
/solutions/pir-pur-etics-insulation-facers/,Facer Directions for PIR/PUR Rigid Foam Boards | GRECHO Preview,Solution Hub,existing-solutions__pir-pur-etics-insulation-facers.html
/successful-facer-board-line-trial-evidence-scope/,A Facer Passed One Board-Line Trial. What Does That Result Actually Prove? | GRECHO Preview,Other,existing-successful-facer-board-line-trial-evidence-scope.html
/ultra-low-airflow-glass-facer-pir-pur-review-criteria/,Air Permeability Review for Glass Facers on PIR/PUR Boards | GRECHO Preview,Other,existing-ultra-low-airflow-glass-facer-pir-pur-review-criteria.html
/visual-surface-acceptance-coloured-acoustic-facer-trials/,Defining Visual Surface Acceptance for Coloured Acoustic Facer Trials | GRECHO Preview,Other,existing-visual-surface-acceptance-coloured-acoustic-facer-trials.html
/white-black-dotted-acoustic-facers-comparison/,"White, Black and Dotted Acoustic Facers: How Board Buyers Compare Surface Directions | GRECHO Preview",Other,existing-white-black-dotted-acoustic-facers-comparison.html
/wide-facer-roll-usable-width-board-coverage/,Wide Facer Rolls: Specify the Width That Reaches the Board | GRECHO Preview,Other,existing-wide-facer-roll-usable-width-board-coverage.html
/wide-width-facer-trial-readiness-checklist/,What to Check Before a Wide-Width Facer Trial on a Continuous Board Line | GRECHO Preview,Other,existing-wide-width-facer-trial-readiness-checklist.html
