变更类型,页面名称,页面路线,线上地址
独立正文视觉样板,Describe Your Board Application,/contact/,https://huangwenliang2111-ship-it.github.io/grecho-homepage-v3-review/contact/
独立正文视觉样板,"Common Questions About Facer Selection, Samples and Documents",/faq/,https://huangwenliang2111-ship-it.github.io/grecho-homepage-v3-review/faq/
仅表格溢出提示引用，正文不变,The Acoustic Facer Has Not Changed. Why Did the Panel Result Change?,/acoustic-facer-adhesive-layer-panel-sound-absorption-review/,https://huangwenliang2111-ship-it.github.io/grecho-homepage-v3-review/acoustic-facer-adhesive-layer-panel-sound-absorption-review/
仅表格溢出提示引用，正文不变,Why Can a More Open Acoustic Facer Still Require Full-Panel Sound-Absorption Testing?,/acoustic-facer-airflow-panel-absorption-evidence/,https://huangwenliang2111-ship-it.github.io/grecho-homepage-v3-review/acoustic-facer-airflow-panel-absorption-evidence/
仅表格溢出提示引用，正文不变,What Should a Cleaning Trial Record Before Calling an Acoustic Facer Cleanable?,/acoustic-facer-cleaning-trial-protocol-record/,https://huangwenliang2111-ship-it.github.io/grecho-homepage-v3-review/acoustic-facer-cleaning-trial-protocol-record/
仅表格溢出提示引用，正文不变,The Mark Is Gone. Has the Acoustic Facer Passed the Cleaning Trial?,/acoustic-facer-cleaning-trial-surface-bond-review/,https://huangwenliang2111-ship-it.github.io/grecho-homepage-v3-review/acoustic-facer-cleaning-trial-surface-bond-review/
仅表格溢出提示引用，正文不变,Dark Spots on Acoustic Facers: Checks Before Calling Them Adhesive Bleed-Through,/acoustic-facer-dark-spots-bleed-through-review/,https://huangwenliang2111-ship-it.github.io/grecho-homepage-v3-review/acoustic-facer-dark-spots-bleed-through-review/
仅表格溢出提示引用，正文不变,"Acoustic Facer Lamination: Initial Bond Strength, Cooling and Cure",/acoustic-facer-lamination-cooling-cure-evaluation/,https://huangwenliang2111-ship-it.github.io/grecho-homepage-v3-review/acoustic-facer-lamination-cooling-cure-evaluation/
仅表格溢出提示引用，正文不变,"Airflow, Surface Hiding and Fire-Document Scope in Acoustic Facer Selection",/airflow-surface-hiding-fire-documents-acoustic-facer/,https://huangwenliang2111-ship-it.github.io/grecho-homepage-v3-review/airflow-surface-hiding-fire-documents-acoustic-facer/
仅表格溢出提示引用，正文不变,"Class A, A2-s1,d0 and “Noncombustible”: Which Question Does Each Actually Answer?",/class-a-a2-s1-d0-noncombustible-facer-evidence/,https://huangwenliang2111-ship-it.github.io/grecho-homepage-v3-review/class-a-a2-s1-d0-noncombustible-facer-evidence/
仅表格溢出提示引用，正文不变,What Should Be Frozen Before Two Board Trials Are Compared?,/compare-board-trials-facer-process-variables/,https://huangwenliang2111-ship-it.github.io/grecho-homepage-v3-review/compare-board-trials-facer-process-variables/
仅表格溢出提示引用，正文不变,"Comparing Glass-Veil Air-Permeability Data Across Methods, Pressure and Units",/compare-glass-veil-air-permeability-methods-pressure-units/,https://huangwenliang2111-ship-it.github.io/grecho-homepage-v3-review/compare-glass-veil-air-permeability-methods-pressure-units/
仅表格溢出提示引用，正文不变,"How to Compare ISO, Fire, EPD, REACH and PFAS Documents Without Overgeneralizing Results",/compare-iso-fire-epd-reach-pfas-documents-fiberglass-facers/,https://huangwenliang2111-ship-it.github.io/grecho-homepage-v3-review/compare-iso-fire-epd-reach-pfas-documents-fiberglass-facers/
仅表格溢出提示引用，正文不变,How to Diagnose Facer-to-Foam Bonding Failures in PIR/PUR Board Trials,/diagnose-facer-foam-bonding-failures-pir-pur-board-trials/,https://huangwenliang2111-ship-it.github.io/grecho-homepage-v3-review/diagnose-facer-foam-bonding-failures-pir-pur-board-trials/
仅表格溢出提示引用，正文不变,Facer Basis Weight vs Thickness: What gsm Does—and Does Not—Tell You,/facer-basis-weight-gsm-vs-thickness/,https://huangwenliang2111-ship-it.github.io/grecho-homepage-v3-review/facer-basis-weight-gsm-vs-thickness/
仅表格溢出提示引用，正文不变,Maintaining Facer Lot and Roll Traceability Through Board Trials,/facer-lot-roll-traceability-board-trials/,https://huangwenliang2111-ship-it.github.io/grecho-homepage-v3-review/facer-lot-roll-traceability-board-trials/
仅表格溢出提示引用，正文不变,Facer-Roll Wrinkles and Edge Damage: A Converting Review Before Lamination,/facer-roll-wrinkles-edge-damage-converting-review/,https://huangwenliang2111-ship-it.github.io/grecho-homepage-v3-review/facer-roll-wrinkles-edge-damage-converting-review/
仅表格溢出提示引用，正文不变,"Typical Value, Specification Limit or Test Result? How to Read Facer Technical Data",/facer-technical-data-typical-values-specification-limits/,https://huangwenliang2111-ship-it.github.io/grecho-homepage-v3-review/facer-technical-data-typical-values-specification-limits/
仅表格溢出提示引用，正文不变,Why a Facer Test Report Does Not Automatically Prove Finished-Board Performance,/facer-test-report-finished-board-performance/,https://huangwenliang2111-ship-it.github.io/grecho-homepage-v3-review/facer-test-report-finished-board-performance/
仅表格溢出提示引用，正文不变,"Same GSM, Same Color, Same Facer? How to Check Material Identity Before Qualification",/fiberglass-facer-material-identity-before-qualification/,https://huangwenliang2111-ship-it.github.io/grecho-homepage-v3-review/fiberglass-facer-material-identity-before-qualification/
仅表格溢出提示引用，正文不变,Glass-Fibre Facer Review for Acoustic Ceiling Panels,/fiberglass-facer-review-for-acoustic-ceiling-panels/,https://huangwenliang2111-ship-it.github.io/grecho-homepage-v3-review/fiberglass-facer-review-for-acoustic-ceiling-panels/
仅表格溢出提示引用，正文不变,PFAS-Related Evidence for Thermal Insulation Facers,/fluorine-free-thermal-insulation-facers-pfas-evidence-boundaries/,https://huangwenliang2111-ship-it.github.io/grecho-homepage-v3-review/fluorine-free-thermal-insulation-facers-pfas-evidence-boundaries/
仅表格溢出提示引用，正文不变,Foil and Foil-Composite Insulation Facers: When to Consider Reflective Surface Directions,/foil-composite-insulation-facers-reflective-surface-directions/,https://huangwenliang2111-ship-it.github.io/grecho-homepage-v3-review/foil-composite-insulation-facers-reflective-surface-directions/
仅表格溢出提示引用，正文不变,Glass Facing Route for Gypsum Board Applications: What to Review Before Sampling,/glass-facing-route-gypsum-board-applications-sample-review/,https://huangwenliang2111-ship-it.github.io/grecho-homepage-v3-review/glass-facing-route-gypsum-board-applications-sample-review/
仅表格溢出提示引用，正文不变,"Reading Glass-Fibre Facer Tensile Data: MD, CD and Test Conditions",/glass-fibre-facer-tensile-data-md-cd-test-conditions/,https://huangwenliang2111-ship-it.github.io/grecho-homepage-v3-review/glass-fibre-facer-tensile-data-md-cd-test-conditions/
仅表格溢出提示引用，正文不变,Surface Finish and Documentation Questions for Gypsum Board Facer Review,/gypsum-board-facer-surface-finish-documentation-questions/,https://huangwenliang2111-ship-it.github.io/grecho-homepage-v3-review/gypsum-board-facer-surface-finish-documentation-questions/
仅表格溢出提示引用，正文不变,Gypsum Board Facer Changes: Surface vs Total Water Absorption,/gypsum-board-facer-surface-total-water-absorption/,https://huangwenliang2111-ship-it.github.io/grecho-homepage-v3-review/gypsum-board-facer-surface-total-water-absorption/
仅表格溢出提示引用，正文不变,Incoming Facer-Roll Inspection Before Release to a Board Line,/incoming-facer-roll-inspection-board-line/,https://huangwenliang2111-ship-it.github.io/grecho-homepage-v3-review/incoming-facer-roll-inspection-board-line/
仅表格溢出提示引用，正文不变,Air Permeability vs Water Vapour Transmission in Insulation Facers,/insulation-facer-air-permeability-vs-water-vapour-transmission/,https://huangwenliang2111-ship-it.github.io/grecho-homepage-v3-review/insulation-facer-air-permeability-vs-water-vapour-transmission/
仅表格溢出提示引用，正文不变,Why Can an Ultra-Low-Airflow Facer Still Fail a PIR/PUR Foam-Board Trial?,/low-airflow-facer-pir-pur-trial-process-window/,https://huangwenliang2111-ship-it.github.io/grecho-homepage-v3-review/low-airflow-facer-pir-pur-trial-process-window/
仅表格溢出提示引用，正文不变,Mineral-Wool Board Facings: Insulation and Facing Temperature Limits,/mineral-wool-board-facing-service-temperature-limits/,https://huangwenliang2111-ship-it.github.io/grecho-homepage-v3-review/mineral-wool-board-facing-service-temperature-limits/
仅表格溢出提示引用，正文不变,What Should Be Fixed Before Qualifying a Facer Sample for a Mineral-Wool Board?,/mineral-wool-facer-sample-qualification/,https://huangwenliang2111-ship-it.github.io/grecho-homepage-v3-review/mineral-wool-facer-sample-qualification/
仅表格溢出提示引用，正文不变,Moisture-Related Review of Glass Facings for Plasterboard,/moisture-resistant-fiberglass-facers-gypsum-board-checklist/,https://huangwenliang2111-ship-it.github.io/grecho-homepage-v3-review/moisture-resistant-fiberglass-facers-gypsum-board-checklist/
仅表格溢出提示引用，正文不变,What Should Be Checked Before Replacing Paper Facer with Glass Mat on a Gypsum Line?,/paper-to-glass-mat-gypsum-line-qualification/,https://huangwenliang2111-ship-it.github.io/grecho-homepage-v3-review/paper-to-glass-mat-gypsum-line-qualification/
仅表格溢出提示引用，正文不变,"PIR Board Facer Changes: Gas Diffusion, Barrier Continuity and Thermal Aging",/pir-board-facer-gas-diffusion-thermal-aging/,https://huangwenliang2111-ship-it.github.io/grecho-homepage-v3-review/pir-board-facer-gas-diffusion-thermal-aging/
仅表格溢出提示引用，正文不变,"How to Request TDS, SDS and Test Reports for Glass-Fibre Facers",/request-tds-sds-test-reports-fiberglass-facers/,https://huangwenliang2111-ship-it.github.io/grecho-homepage-v3-review/request-tds-sds-test-reports-fiberglass-facers/
仅表格溢出提示引用，正文不变,Sample Approval vs Supplier Qualification: What Still Needs to Be Verified Before a Fiberglass Facer Enters Production?,/sample-approval-vs-supplier-qualification-fiberglass-facers/,https://huangwenliang2111-ship-it.github.io/grecho-homepage-v3-review/sample-approval-vs-supplier-qualification-fiberglass-facers/
仅表格溢出提示引用，正文不变,Sample Review Checklist for Board Manufacturers Evaluating Glass-Fibre Facers,/sample-review-checklist-board-manufacturers-fiberglass-facers/,https://huangwenliang2111-ship-it.github.io/grecho-homepage-v3-review/sample-review-checklist-board-manufacturers-fiberglass-facers/
仅表格溢出提示引用，正文不变,A Facer Passed One Board-Line Trial. What Does That Result Actually Prove?,/successful-facer-board-line-trial-evidence-scope/,https://huangwenliang2111-ship-it.github.io/grecho-homepage-v3-review/successful-facer-board-line-trial-evidence-scope/
仅表格溢出提示引用，正文不变,Air Permeability Review for Glass Facers on PIR/PUR Boards,/ultra-low-airflow-glass-facer-pir-pur-review-criteria/,https://huangwenliang2111-ship-it.github.io/grecho-homepage-v3-review/ultra-low-airflow-glass-facer-pir-pur-review-criteria/
仅表格溢出提示引用，正文不变,Defining Visual Surface Acceptance for Coloured Acoustic Facer Trials,/visual-surface-acceptance-coloured-acoustic-facer-trials/,https://huangwenliang2111-ship-it.github.io/grecho-homepage-v3-review/visual-surface-acceptance-coloured-acoustic-facer-trials/
仅表格溢出提示引用，正文不变,"White, Black and Dotted Acoustic Facers: How Board Buyers Compare Surface Directions",/white-black-dotted-acoustic-facers-comparison/,https://huangwenliang2111-ship-it.github.io/grecho-homepage-v3-review/white-black-dotted-acoustic-facers-comparison/
仅表格溢出提示引用，正文不变,Wide Facer Rolls: Specify the Width That Reaches the Board,/wide-facer-roll-usable-width-board-coverage/,https://huangwenliang2111-ship-it.github.io/grecho-homepage-v3-review/wide-facer-roll-usable-width-board-coverage/
仅表格溢出提示引用，正文不变,What to Check Before a Wide-Width Facer Trial on a Continuous Board Line,/wide-width-facer-trial-readiness-checklist/,https://huangwenliang2111-ship-it.github.io/grecho-homepage-v3-review/wide-width-facer-trial-readiness-checklist/
